text,split,group_id,satisfied,neutral,frustrated,angry,dissatisfied,overloaded,conflict,disengaged
이번 배포는 일정대로 끝나서 좋네요.,train,satisfied-00,1,0,0,0,0,0,0,0
현재 상황은 이번 배포는 일정대로 끝나서 좋네요. 확인 부탁드립니다.,train,satisfied-00,1,0,0,0,0,0,0,0
오늘 업무를 하면서 이번 배포는 일정대로 끝나서 좋네요. 이 부분은 조정이 필요해 보입니다.,train,satisfied-00,1,0,0,0,0,0,0,0
리뷰 피드백 덕분에 작업이 훨씬 수월했습니다.,train,satisfied-01,1,0,0,0,0,0,0,0
현재 상황은 리뷰 피드백 덕분에 작업이 훨씬 수월했습니다. 확인 부탁드립니다.,train,satisfied-01,1,0,0,0,0,0,0,0
오늘 업무를 하면서 리뷰 피드백 덕분에 작업이 훨씬 수월했습니다. 이 부분은 조정이 필요해 보입니다.,train,satisfied-01,1,0,0,0,0,0,0,0
이번 협업 방식은 효율적이라 만족스럽습니다.,train,satisfied-02,1,0,0,0,0,0,0,0
현재 상황은 이번 협업 방식은 효율적이라 만족스럽습니다. 확인 부탁드립니다.,train,satisfied-02,1,0,0,0,0,0,0,0
오늘 업무를 하면서 이번 협업 방식은 효율적이라 만족스럽습니다. 이 부분은 조정이 필요해 보입니다.,train,satisfied-02,1,0,0,0,0,0,0,0
지원 요청을 빨리 처리해 주셔서 감사합니다.,train,satisfied-03,1,0,0,0,0,0,0,0
현재 상황은 지원 요청을 빨리 처리해 주셔서 감사합니다. 확인 부탁드립니다.,train,satisfied-03,1,0,0,0,0,0,0,0
오늘 업무를 하면서 지원 요청을 빨리 처리해 주셔서 감사합니다. 이 부분은 조정이 필요해 보입니다.,train,satisfied-03,1,0,0,0,0,0,0,0
요구사항이 명확해서 개발하기 편했습니다.,train,satisfied-04,1,0,0,0,0,0,0,0
현재 상황은 요구사항이 명확해서 개발하기 편했습니다. 확인 부탁드립니다.,train,satisfied-04,1,0,0,0,0,0,0,0
오늘 업무를 하면서 요구사항이 명확해서 개발하기 편했습니다. 이 부분은 조정이 필요해 보입니다.,train,satisfied-04,1,0,0,0,0,0,0,0
이번 스프린트는 역할 분담이 잘 된 것 같습니다.,train,satisfied-05,1,0,0,0,0,0,0,0
현재 상황은 이번 스프린트는 역할 분담이 잘 된 것 같습니다. 확인 부탁드립니다.,train,satisfied-05,1,0,0,0,0,0,0,0
오늘 업무를 하면서 이번 스프린트는 역할 분담이 잘 된 것 같습니다. 이 부분은 조정이 필요해 보입니다.,train,satisfied-05,1,0,0,0,0,0,0,0
새 프로세스가 이전보다 훨씬 편하네요.,train,satisfied-06,1,0,0,0,0,0,0,0
현재 상황은 새 프로세스가 이전보다 훨씬 편하네요. 확인 부탁드립니다.,train,satisfied-06,1,0,0,0,0,0,0,0
오늘 업무를 하면서 새 프로세스가 이전보다 훨씬 편하네요. 이 부분은 조정이 필요해 보입니다.,train,satisfied-06,1,0,0,0,0,0,0,0
회의가 짧고 결정이 명확해서 좋았습니다.,val,satisfied-07,1,0,0,0,0,0,0,0
현재 상황은 회의가 짧고 결정이 명확해서 좋았습니다. 확인 부탁드립니다.,val,satisfied-07,1,0,0,0,0,0,0,0
오늘 업무를 하면서 회의가 짧고 결정이 명확해서 좋았습니다. 이 부분은 조정이 필요해 보입니다.,val,satisfied-07,1,0,0,0,0,0,0,0
이번 업무는 배울 점도 많고 재미있었습니다.,test,satisfied-08,1,0,0,0,0,0,0,0
현재 상황은 이번 업무는 배울 점도 많고 재미있었습니다. 확인 부탁드립니다.,test,satisfied-08,1,0,0,0,0,0,0,0
오늘 업무를 하면서 이번 업무는 배울 점도 많고 재미있었습니다. 이 부분은 조정이 필요해 보입니다.,test,satisfied-08,1,0,0,0,0,0,0,0
도움 주신 덕분에 문제를 빠르게 해결했습니다.,test,satisfied-09,1,0,0,0,0,0,0,0
현재 상황은 도움 주신 덕분에 문제를 빠르게 해결했습니다. 확인 부탁드립니다.,test,satisfied-09,1,0,0,0,0,0,0,0
오늘 업무를 하면서 도움 주신 덕분에 문제를 빠르게 해결했습니다. 이 부분은 조정이 필요해 보입니다.,test,satisfied-09,1,0,0,0,0,0,0,0
오늘 오후 세 시에 프로젝트 회의가 있습니다.,train,neutral-00,0,1,0,0,0,0,0,0
현재 상황은 오늘 오후 세 시에 프로젝트 회의가 있습니다. 확인 부탁드립니다.,train,neutral-00,0,1,0,0,0,0,0,0
오늘 업무를 하면서 오늘 오후 세 시에 프로젝트 회의가 있습니다. 이 부분은 조정이 필요해 보입니다.,train,neutral-00,0,1,0,0,0,0,0,0
수정한 문서는 공유 폴더에 올려두었습니다.,train,neutral-01,0,1,0,0,0,0,0,0
현재 상황은 수정한 문서는 공유 폴더에 올려두었습니다. 확인 부탁드립니다.,train,neutral-01,0,1,0,0,0,0,0,0
오늘 업무를 하면서 수정한 문서는 공유 폴더에 올려두었습니다. 이 부분은 조정이 필요해 보입니다.,train,neutral-01,0,1,0,0,0,0,0,0
테스트 결과는 내일 오전에 전달하겠습니다.,train,neutral-02,0,1,0,0,0,0,0,0
현재 상황은 테스트 결과는 내일 오전에 전달하겠습니다. 확인 부탁드립니다.,train,neutral-02,0,1,0,0,0,0,0,0
오늘 업무를 하면서 테스트 결과는 내일 오전에 전달하겠습니다. 이 부분은 조정이 필요해 보입니다.,train,neutral-02,0,1,0,0,0,0,0,0
현재 버전은 2.4.1이고 배포 대상은 개발 서버입니다.,train,neutral-03,0,1,0,0,0,0,0,0
현재 상황은 현재 버전은 2.4.1이고 배포 대상은 개발 서버입니다. 확인 부탁드립니다.,train,neutral-03,0,1,0,0,0,0,0,0
오늘 업무를 하면서 현재 버전은 2.4.1이고 배포 대상은 개발 서버입니다. 이 부분은 조정이 필요해 보입니다.,train,neutral-03,0,1,0,0,0,0,0,0
회의록에 결정 사항 세 가지를 정리했습니다.,train,neutral-04,0,1,0,0,0,0,0,0
현재 상황은 회의록에 결정 사항 세 가지를 정리했습니다. 확인 부탁드립니다.,train,neutral-04,0,1,0,0,0,0,0,0
오늘 업무를 하면서 회의록에 결정 사항 세 가지를 정리했습니다. 이 부분은 조정이 필요해 보입니다.,train,neutral-04,0,1,0,0,0,0,0,0
이번 주 작업 목록을 티켓으로 등록했습니다.,train,neutral-05,0,1,0,0,0,0,0,0
현재 상황은 이번 주 작업 목록을 티켓으로 등록했습니다. 확인 부탁드립니다.,train,neutral-05,0,1,0,0,0,0,0,0
오늘 업무를 하면서 이번 주 작업 목록을 티켓으로 등록했습니다. 이 부분은 조정이 필요해 보입니다.,train,neutral-05,0,1,0,0,0,0,0,0
담당자 확인 후 일정 업데이트하겠습니다.,train,neutral-06,0,1,0,0,0,0,0,0
현재 상황은 담당자 확인 후 일정 업데이트하겠습니다. 확인 부탁드립니다.,train,neutral-06,0,1,0,0,0,0,0,0
오늘 업무를 하면서 담당자 확인 후 일정 업데이트하겠습니다. 이 부분은 조정이 필요해 보입니다.,train,neutral-06,0,1,0,0,0,0,0,0
자료는 엑셀 파일과 PDF 두 개입니다.,val,neutral-07,0,1,0,0,0,0,0,0
현재 상황은 자료는 엑셀 파일과 PDF 두 개입니다. 확인 부탁드립니다.,val,neutral-07,0,1,0,0,0,0,0,0
오늘 업무를 하면서 자료는 엑셀 파일과 PDF 두 개입니다. 이 부분은 조정이 필요해 보입니다.,val,neutral-07,0,1,0,0,0,0,0,0
점검은 오전 열 시부터 시작할 예정입니다.,test,neutral-08,0,1,0,0,0,0,0,0
현재 상황은 점검은 오전 열 시부터 시작할 예정입니다. 확인 부탁드립니다.,test,neutral-08,0,1,0,0,0,0,0,0
오늘 업무를 하면서 점검은 오전 열 시부터 시작할 예정입니다. 이 부분은 조정이 필요해 보입니다.,test,neutral-08,0,1,0,0,0,0,0,0
이 이슈는 다음 스프린트로 이동했습니다.,test,neutral-09,0,1,0,0,0,0,0,0
현재 상황은 이 이슈는 다음 스프린트로 이동했습니다. 확인 부탁드립니다.,test,neutral-09,0,1,0,0,0,0,0,0
오늘 업무를 하면서 이 이슈는 다음 스프린트로 이동했습니다. 이 부분은 조정이 필요해 보입니다.,test,neutral-09,0,1,0,0,0,0,0,0
같은 오류가 계속 반복돼서 답답하네요.,train,frustrated-00,0,0,1,0,0,0,0,0
현재 상황은 같은 오류가 계속 반복돼서 답답하네요. 확인 부탁드립니다.,train,frustrated-00,0,0,1,0,0,0,0,0
오늘 업무를 하면서 같은 오류가 계속 반복돼서 답답하네요. 이 부분은 조정이 필요해 보입니다.,train,frustrated-00,0,0,1,0,0,0,0,0
요구사항이 또 바뀌어서 다시 작업해야 합니다.,train,frustrated-01,0,0,1,0,0,0,0,0
현재 상황은 요구사항이 또 바뀌어서 다시 작업해야 합니다. 확인 부탁드립니다.,train,frustrated-01,0,0,1,0,0,0,0,0
오늘 업무를 하면서 요구사항이 또 바뀌어서 다시 작업해야 합니다. 이 부분은 조정이 필요해 보입니다.,train,frustrated-01,0,0,1,0,0,0,0,0
승인이 계속 늦어져서 진행을 못 하고 있습니다.,train,frustrated-02,0,0,1,0,0,0,0,0
현재 상황은 승인이 계속 늦어져서 진행을 못 하고 있습니다. 확인 부탁드립니다.,train,frustrated-02,0,0,1,0,0,0,0,0
오늘 업무를 하면서 승인이 계속 늦어져서 진행을 못 하고 있습니다. 이 부분은 조정이 필요해 보입니다.,train,frustrated-02,0,0,1,0,0,0,0,0
어제 수정한 걸 오늘 다시 원래대로 바꾸라고 하네요.,train,frustrated-03,0,0,1,0,0,0,0,0
현재 상황은 어제 수정한 걸 오늘 다시 원래대로 바꾸라고 하네요. 확인 부탁드립니다.,train,frustrated-03,0,0,1,0,0,0,0,0
오늘 업무를 하면서 어제 수정한 걸 오늘 다시 원래대로 바꾸라고 하네요. 이 부분은 조정이 필요해 보입니다.,train,frustrated-03,0,0,1,0,0,0,0,0
계속 기다리기만 하니까 일이 진도가 안 나갑니다.,train,frustrated-04,0,0,1,0,0,0,0,0
현재 상황은 계속 기다리기만 하니까 일이 진도가 안 나갑니다. 확인 부탁드립니다.,train,frustrated-04,0,0,1,0,0,0,0,0
오늘 업무를 하면서 계속 기다리기만 하니까 일이 진도가 안 나갑니다. 이 부분은 조정이 필요해 보입니다.,train,frustrated-04,0,0,1,0,0,0,0,0
환경이 자꾸 깨져서 테스트를 몇 번째 다시 하는지 모르겠습니다.,train,frustrated-05,0,0,1,0,0,0,0,0
현재 상황은 환경이 자꾸 깨져서 테스트를 몇 번째 다시 하는지 모르겠습니다. 확인 부탁드립니다.,train,frustrated-05,0,0,1,0,0,0,0,0
오늘 업무를 하면서 환경이 자꾸 깨져서 테스트를 몇 번째 다시 하는지 모르겠습니다. 이 부분은 조정이 필요해 보입니다.,train,frustrated-05,0,0,1,0,0,0,0,0
이 문제 때문에 계속 막혀 있어서 너무 답답합니다.,train,frustrated-06,0,0,1,0,0,0,0,0
현재 상황은 이 문제 때문에 계속 막혀 있어서 너무 답답합니다. 확인 부탁드립니다.,train,frustrated-06,0,0,1,0,0,0,0,0
오늘 업무를 하면서 이 문제 때문에 계속 막혀 있어서 너무 답답합니다. 이 부분은 조정이 필요해 보입니다.,train,frustrated-06,0,0,1,0,0,0,0,0
같은 내용을 여러 번 보고해야 해서 비효율적입니다.,val,frustrated-07,0,0,1,0,0,0,0,0
현재 상황은 같은 내용을 여러 번 보고해야 해서 비효율적입니다. 확인 부탁드립니다.,val,frustrated-07,0,0,1,0,0,0,0,0
오늘 업무를 하면서 같은 내용을 여러 번 보고해야 해서 비효율적입니다. 이 부분은 조정이 필요해 보입니다.,val,frustrated-07,0,0,1,0,0,0,0,0
결정이 계속 미뤄져서 일정 잡기가 어렵네요.,test,frustrated-08,0,0,1,0,0,0,0,0
현재 상황은 결정이 계속 미뤄져서 일정 잡기가 어렵네요. 확인 부탁드립니다.,test,frustrated-08,0,0,1,0,0,0,0,0
오늘 업무를 하면서 결정이 계속 미뤄져서 일정 잡기가 어렵네요. 이 부분은 조정이 필요해 보입니다.,test,frustrated-08,0,0,1,0,0,0,0,0
정리되지 않은 요청이 계속 들어와서 헷갈립니다.,test,frustrated-09,0,0,1,0,0,0,0,0
현재 상황은 정리되지 않은 요청이 계속 들어와서 헷갈립니다. 확인 부탁드립니다.,test,frustrated-09,0,0,1,0,0,0,0,0
오늘 업무를 하면서 정리되지 않은 요청이 계속 들어와서 헷갈립니다. 이 부분은 조정이 필요해 보입니다.,test,frustrated-09,0,0,1,0,0,0,0,0
이렇게 일정을 일방적으로 바꾸는 건 정말 화가 납니다.,train,angry-00,0,0,0,1,0,0,0,0
현재 상황은 이렇게 일정을 일방적으로 바꾸는 건 정말 화가 납니다. 확인 부탁드립니다.,train,angry-00,0,0,0,1,0,0,0,0
오늘 업무를 하면서 이렇게 일정을 일방적으로 바꾸는 건 정말 화가 납니다. 이 부분은 조정이 필요해 보입니다.,train,angry-00,0,0,0,1,0,0,0,0
몇 번을 말했는데 또 같은 문제가 생겨서 화가 나네요.,train,angry-01,0,0,0,1,0,0,0,0
현재 상황은 몇 번을 말했는데 또 같은 문제가 생겨서 화가 나네요. 확인 부탁드립니다.,train,angry-01,0,0,0,1,0,0,0,0
오늘 업무를 하면서 몇 번을 말했는데 또 같은 문제가 생겨서 화가 나네요. 이 부분은 조정이 필요해 보입니다.,train,angry-01,0,0,0,1,0,0,0,0
아무 설명 없이 책임을 넘기는 건 너무 화납니다.,train,angry-02,0,0,0,1,0,0,0,0
현재 상황은 아무 설명 없이 책임을 넘기는 건 너무 화납니다. 확인 부탁드립니다.,train,angry-02,0,0,0,1,0,0,0,0
오늘 업무를 하면서 아무 설명 없이 책임을 넘기는 건 너무 화납니다. 이 부분은 조정이 필요해 보입니다.,train,angry-02,0,0,0,1,0,0,0,0
합의한 내용을 무시하고 진행한 건 납득하기 어렵고 화가 납니다.,train,angry-03,0,0,0,1,0,0,0,0
현재 상황은 합의한 내용을 무시하고 진행한 건 납득하기 어렵고 화가 납니다. 확인 부탁드립니다.,train,angry-03,0,0,0,1,0,0,0,0
오늘 업무를 하면서 합의한 내용을 무시하고 진행한 건 납득하기 어렵고 화가 납니다. 이 부분은 조정이 필요해 보입니다.,train,angry-03,0,0,0,1,0,0,0,0
계속 이런 식으로 대응하면 정말 화날 수밖에 없습니다.,train,angry-04,0,0,0,1,0,0,0,0
현재 상황은 계속 이런 식으로 대응하면 정말 화날 수밖에 없습니다. 확인 부탁드립니다.,train,angry-04,0,0,0,1,0,0,0,0
오늘 업무를 하면서 계속 이런 식으로 대응하면 정말 화날 수밖에 없습니다. 이 부분은 조정이 필요해 보입니다.,train,angry-04,0,0,0,1,0,0,0,0
준비도 안 된 상태에서 당장 하라는 건 너무 화가 납니다.,train,angry-05,0,0,0,1,0,0,0,0
현재 상황은 준비도 안 된 상태에서 당장 하라는 건 너무 화가 납니다. 확인 부탁드립니다.,train,angry-05,0,0,0,1,0,0,0,0
오늘 업무를 하면서 준비도 안 된 상태에서 당장 하라는 건 너무 화가 납니다. 이 부분은 조정이 필요해 보입니다.,train,angry-05,0,0,0,1,0,0,0,0
문제를 알고도 방치한 건 정말 화나는 일입니다.,train,angry-06,0,0,0,1,0,0,0,0
현재 상황은 문제를 알고도 방치한 건 정말 화나는 일입니다. 확인 부탁드립니다.,train,angry-06,0,0,0,1,0,0,0,0
오늘 업무를 하면서 문제를 알고도 방치한 건 정말 화나는 일입니다. 이 부분은 조정이 필요해 보입니다.,train,angry-06,0,0,0,1,0,0,0,0
매번 마지막 순간에 통보하는 방식은 화가 납니다.,val,angry-07,0,0,0,1,0,0,0,0
현재 상황은 매번 마지막 순간에 통보하는 방식은 화가 납니다. 확인 부탁드립니다.,val,angry-07,0,0,0,1,0,0,0,0
오늘 업무를 하면서 매번 마지막 순간에 통보하는 방식은 화가 납니다. 이 부분은 조정이 필요해 보입니다.,val,angry-07,0,0,0,1,0,0,0,0
제가 하지 않은 일까지 제 책임이라고 하니 화가 납니다.,test,angry-08,0,0,0,1,0,0,0,0
현재 상황은 제가 하지 않은 일까지 제 책임이라고 하니 화가 납니다. 확인 부탁드립니다.,test,angry-08,0,0,0,1,0,0,0,0
오늘 업무를 하면서 제가 하지 않은 일까지 제 책임이라고 하니 화가 납니다. 이 부분은 조정이 필요해 보입니다.,test,angry-08,0,0,0,1,0,0,0,0
같은 실수를 반복하면서 아무 조치도 없는 게 화납니다.,test,angry-09,0,0,0,1,0,0,0,0
현재 상황은 같은 실수를 반복하면서 아무 조치도 없는 게 화납니다. 확인 부탁드립니다.,test,angry-09,0,0,0,1,0,0,0,0
오늘 업무를 하면서 같은 실수를 반복하면서 아무 조치도 없는 게 화납니다. 이 부분은 조정이 필요해 보입니다.,test,angry-09,0,0,0,1,0,0,0,0
현재 업무 프로세스에는 만족하기 어렵습니다.,train,dissatisfied-00,0,0,0,0,1,0,0,0
현재 상황은 현재 업무 프로세스에는 만족하기 어렵습니다. 확인 부탁드립니다.,train,dissatisfied-00,0,0,0,0,1,0,0,0
오늘 업무를 하면서 현재 업무 프로세스에는 만족하기 어렵습니다. 이 부분은 조정이 필요해 보입니다.,train,dissatisfied-00,0,0,0,0,1,0,0,0
이 방식은 비효율적이라 계속 유지하는 게 불만입니다.,train,dissatisfied-01,0,0,0,0,1,0,0,0
현재 상황은 이 방식은 비효율적이라 계속 유지하는 게 불만입니다. 확인 부탁드립니다.,train,dissatisfied-01,0,0,0,0,1,0,0,0
오늘 업무를 하면서 이 방식은 비효율적이라 계속 유지하는 게 불만입니다. 이 부분은 조정이 필요해 보입니다.,train,dissatisfied-01,0,0,0,0,1,0,0,0
역할과 책임이 불명확한 점이 가장 불만스럽습니다.,train,dissatisfied-02,0,0,0,0,1,0,0,0
현재 상황은 역할과 책임이 불명확한 점이 가장 불만스럽습니다. 확인 부탁드립니다.,train,dissatisfied-02,0,0,0,0,1,0,0,0
오늘 업무를 하면서 역할과 책임이 불명확한 점이 가장 불만스럽습니다. 이 부분은 조정이 필요해 보입니다.,train,dissatisfied-02,0,0,0,0,1,0,0,0
의사결정 과정이 투명하지 않아서 만족스럽지 않습니다.,train,dissatisfied-03,0,0,0,0,1,0,0,0
현재 상황은 의사결정 과정이 투명하지 않아서 만족스럽지 않습니다. 확인 부탁드립니다.,train,dissatisfied-03,0,0,0,0,1,0,0,0
오늘 업무를 하면서 의사결정 과정이 투명하지 않아서 만족스럽지 않습니다. 이 부분은 조정이 필요해 보입니다.,train,dissatisfied-03,0,0,0,0,1,0,0,0
현재 지원 체계로는 업무하기 어렵다는 생각이 듭니다.,train,dissatisfied-04,0,0,0,0,1,0,0,0
현재 상황은 현재 지원 체계로는 업무하기 어렵다는 생각이 듭니다. 확인 부탁드립니다.,train,dissatisfied-04,0,0,0,0,1,0,0,0
오늘 업무를 하면서 현재 지원 체계로는 업무하기 어렵다는 생각이 듭니다. 이 부분은 조정이 필요해 보입니다.,train,dissatisfied-04,0,0,0,0,1,0,0,0
업무 우선순위가 매번 바뀌는 점이 불만입니다.,train,dissatisfied-05,0,0,0,0,1,0,0,0
현재 상황은 업무 우선순위가 매번 바뀌는 점이 불만입니다. 확인 부탁드립니다.,train,dissatisfied-05,0,0,0,0,1,0,0,0
오늘 업무를 하면서 업무 우선순위가 매번 바뀌는 점이 불만입니다. 이 부분은 조정이 필요해 보입니다.,train,dissatisfied-05,0,0,0,0,1,0,0,0
개선 요청을 여러 번 했지만 반영되지 않아 불만입니다.,train,dissatisfied-06,0,0,0,0,1,0,0,0
현재 상황은 개선 요청을 여러 번 했지만 반영되지 않아 불만입니다. 확인 부탁드립니다.,train,dissatisfied-06,0,0,0,0,1,0,0,0
오늘 업무를 하면서 개선 요청을 여러 번 했지만 반영되지 않아 불만입니다. 이 부분은 조정이 필요해 보입니다.,train,dissatisfied-06,0,0,0,0,1,0,0,0
성과 기준이 명확하지 않은 점이 만족스럽지 않습니다.,val,dissatisfied-07,0,0,0,0,1,0,0,0
현재 상황은 성과 기준이 명확하지 않은 점이 만족스럽지 않습니다. 확인 부탁드립니다.,val,dissatisfied-07,0,0,0,0,1,0,0,0
오늘 업무를 하면서 성과 기준이 명확하지 않은 점이 만족스럽지 않습니다. 이 부분은 조정이 필요해 보입니다.,val,dissatisfied-07,0,0,0,0,1,0,0,0
현재 협업 방식은 효율이 낮아서 불만이 있습니다.,test,dissatisfied-08,0,0,0,0,1,0,0,0
현재 상황은 현재 협업 방식은 효율이 낮아서 불만이 있습니다. 확인 부탁드립니다.,test,dissatisfied-08,0,0,0,0,1,0,0,0
오늘 업무를 하면서 현재 협업 방식은 효율이 낮아서 불만이 있습니다. 이 부분은 조정이 필요해 보입니다.,test,dissatisfied-08,0,0,0,0,1,0,0,0
계속 같은 문제가 반복되는 조직 운영 방식이 아쉽습니다.,test,dissatisfied-09,0,0,0,0,1,0,0,0
현재 상황은 계속 같은 문제가 반복되는 조직 운영 방식이 아쉽습니다. 확인 부탁드립니다.,test,dissatisfied-09,0,0,0,0,1,0,0,0
오늘 업무를 하면서 계속 같은 문제가 반복되는 조직 운영 방식이 아쉽습니다. 이 부분은 조정이 필요해 보입니다.,test,dissatisfied-09,0,0,0,0,1,0,0,0
이번 주 업무량이 너무 많아서 일정 안에 끝내기 어렵습니다.,train,overloaded-00,0,0,0,0,0,1,0,0
현재 상황은 이번 주 업무량이 너무 많아서 일정 안에 끝내기 어렵습니다. 확인 부탁드립니다.,train,overloaded-00,0,0,0,0,0,1,0,0
오늘 업무를 하면서 이번 주 업무량이 너무 많아서 일정 안에 끝내기 어렵습니다. 이 부분은 조정이 필요해 보입니다.,train,overloaded-00,0,0,0,0,0,1,0,0
오늘 처리해야 할 일이 너무 많이 쌓여 있습니다.,train,overloaded-01,0,0,0,0,0,1,0,0
현재 상황은 오늘 처리해야 할 일이 너무 많이 쌓여 있습니다. 확인 부탁드립니다.,train,overloaded-01,0,0,0,0,0,1,0,0
오늘 업무를 하면서 오늘 처리해야 할 일이 너무 많이 쌓여 있습니다. 이 부분은 조정이 필요해 보입니다.,train,overloaded-01,0,0,0,0,0,1,0,0
동시에 세 프로젝트를 맡아서 여력이 없습니다.,train,overloaded-02,0,0,0,0,0,1,0,0
현재 상황은 동시에 세 프로젝트를 맡아서 여력이 없습니다. 확인 부탁드립니다.,train,overloaded-02,0,0,0,0,0,1,0,0
오늘 업무를 하면서 동시에 세 프로젝트를 맡아서 여력이 없습니다. 이 부분은 조정이 필요해 보입니다.,train,overloaded-02,0,0,0,0,0,1,0,0
마감이 겹쳐서 지금 업무 부담이 너무 큽니다.,train,overloaded-03,0,0,0,0,0,1,0,0
현재 상황은 마감이 겹쳐서 지금 업무 부담이 너무 큽니다. 확인 부탁드립니다.,train,overloaded-03,0,0,0,0,0,1,0,0
오늘 업무를 하면서 마감이 겹쳐서 지금 업무 부담이 너무 큽니다. 이 부분은 조정이 필요해 보입니다.,train,overloaded-03,0,0,0,0,0,1,0,0
추가 업무까지 들어오면 현재 인력으로 감당하기 어렵습니다.,train,overloaded-04,0,0,0,0,0,1,0,0
현재 상황은 추가 업무까지 들어오면 현재 인력으로 감당하기 어렵습니다. 확인 부탁드립니다.,train,overloaded-04,0,0,0,0,0,1,0,0
오늘 업무를 하면서 추가 업무까지 들어오면 현재 인력으로 감당하기 어렵습니다. 이 부분은 조정이 필요해 보입니다.,train,overloaded-04,0,0,0,0,0,1,0,0
이번 달은 계속 야근해야 할 정도로 일이 많습니다.,train,overloaded-05,0,0,0,0,0,1,0,0
현재 상황은 이번 달은 계속 야근해야 할 정도로 일이 많습니다. 확인 부탁드립니다.,train,overloaded-05,0,0,0,0,0,1,0,0
오늘 업무를 하면서 이번 달은 계속 야근해야 할 정도로 일이 많습니다. 이 부분은 조정이 필요해 보입니다.,train,overloaded-05,0,0,0,0,0,1,0,0
긴급 요청이 계속 들어와서 기존 업무를 처리할 시간이 없습니다.,train,overloaded-06,0,0,0,0,0,1,0,0
현재 상황은 긴급 요청이 계속 들어와서 기존 업무를 처리할 시간이 없습니다. 확인 부탁드립니다.,train,overloaded-06,0,0,0,0,0,1,0,0
오늘 업무를 하면서 긴급 요청이 계속 들어와서 기존 업무를 처리할 시간이 없습니다. 이 부분은 조정이 필요해 보입니다.,train,overloaded-06,0,0,0,0,0,1,0,0
담당 범위가 너무 넓어서 하나씩 제대로 보기 어렵습니다.,val,overloaded-07,0,0,0,0,0,1,0,0
현재 상황은 담당 범위가 너무 넓어서 하나씩 제대로 보기 어렵습니다. 확인 부탁드립니다.,val,overloaded-07,0,0,0,0,0,1,0,0
오늘 업무를 하면서 담당 범위가 너무 넓어서 하나씩 제대로 보기 어렵습니다. 이 부분은 조정이 필요해 보입니다.,val,overloaded-07,0,0,0,0,0,1,0,0
이번 주 일정은 이미 꽉 차서 새 요청을 받기 어렵습니다.,test,overloaded-08,0,0,0,0,0,1,0,0
현재 상황은 이번 주 일정은 이미 꽉 차서 새 요청을 받기 어렵습니다. 확인 부탁드립니다.,test,overloaded-08,0,0,0,0,0,1,0,0
오늘 업무를 하면서 이번 주 일정은 이미 꽉 차서 새 요청을 받기 어렵습니다. 이 부분은 조정이 필요해 보입니다.,test,overloaded-08,0,0,0,0,0,1,0,0
현재 작업량으로는 품질과 마감을 동시에 맞추기 어렵습니다.,test,overloaded-09,0,0,0,0,0,1,0,0
현재 상황은 현재 작업량으로는 품질과 마감을 동시에 맞추기 어렵습니다. 확인 부탁드립니다.,test,overloaded-09,0,0,0,0,0,1,0,0
오늘 업무를 하면서 현재 작업량으로는 품질과 마감을 동시에 맞추기 어렵습니다. 이 부분은 조정이 필요해 보입니다.,test,overloaded-09,0,0,0,0,0,1,0,0
이 부분은 개발팀과 기획팀 의견이 계속 충돌하고 있습니다.,train,conflict-00,0,0,0,0,0,0,1,0
현재 상황은 이 부분은 개발팀과 기획팀 의견이 계속 충돌하고 있습니다. 확인 부탁드립니다.,train,conflict-00,0,0,0,0,0,0,1,0
오늘 업무를 하면서 이 부분은 개발팀과 기획팀 의견이 계속 충돌하고 있습니다. 이 부분은 조정이 필요해 보입니다.,train,conflict-00,0,0,0,0,0,0,1,0
담당자와 우선순위에 대한 의견 차이가 큽니다.,train,conflict-01,0,0,0,0,0,0,1,0
현재 상황은 담당자와 우선순위에 대한 의견 차이가 큽니다. 확인 부탁드립니다.,train,conflict-01,0,0,0,0,0,0,1,0
오늘 업무를 하면서 담당자와 우선순위에 대한 의견 차이가 큽니다. 이 부분은 조정이 필요해 보입니다.,train,conflict-01,0,0,0,0,0,0,1,0
서로 합의하지 않은 상태에서 진행해서 갈등이 생겼습니다.,train,conflict-02,0,0,0,0,0,0,1,0
현재 상황은 서로 합의하지 않은 상태에서 진행해서 갈등이 생겼습니다. 확인 부탁드립니다.,train,conflict-02,0,0,0,0,0,0,1,0
오늘 업무를 하면서 서로 합의하지 않은 상태에서 진행해서 갈등이 생겼습니다. 이 부분은 조정이 필요해 보입니다.,train,conflict-02,0,0,0,0,0,0,1,0
회의에서 역할 범위를 두고 의견이 많이 부딪혔습니다.,train,conflict-03,0,0,0,0,0,0,1,0
현재 상황은 회의에서 역할 범위를 두고 의견이 많이 부딪혔습니다. 확인 부탁드립니다.,train,conflict-03,0,0,0,0,0,0,1,0
오늘 업무를 하면서 회의에서 역할 범위를 두고 의견이 많이 부딪혔습니다. 이 부분은 조정이 필요해 보입니다.,train,conflict-03,0,0,0,0,0,0,1,0
팀 간 책임 범위가 겹쳐서 계속 마찰이 있습니다.,train,conflict-04,0,0,0,0,0,0,1,0
현재 상황은 팀 간 책임 범위가 겹쳐서 계속 마찰이 있습니다. 확인 부탁드립니다.,train,conflict-04,0,0,0,0,0,0,1,0
오늘 업무를 하면서 팀 간 책임 범위가 겹쳐서 계속 마찰이 있습니다. 이 부분은 조정이 필요해 보입니다.,train,conflict-04,0,0,0,0,0,0,1,0
저와 담당자의 해결 방향이 달라 조율이 필요합니다.,train,conflict-05,0,0,0,0,0,0,1,0
현재 상황은 저와 담당자의 해결 방향이 달라 조율이 필요합니다. 확인 부탁드립니다.,train,conflict-05,0,0,0,0,0,0,1,0
오늘 업무를 하면서 저와 담당자의 해결 방향이 달라 조율이 필요합니다. 이 부분은 조정이 필요해 보입니다.,train,conflict-05,0,0,0,0,0,0,1,0
이 문제는 서로 책임이 누구인지 두고 의견이 갈립니다.,train,conflict-06,0,0,0,0,0,0,1,0
현재 상황은 이 문제는 서로 책임이 누구인지 두고 의견이 갈립니다. 확인 부탁드립니다.,train,conflict-06,0,0,0,0,0,0,1,0
오늘 업무를 하면서 이 문제는 서로 책임이 누구인지 두고 의견이 갈립니다. 이 부분은 조정이 필요해 보입니다.,train,conflict-06,0,0,0,0,0,0,1,0
협업 과정에서 커뮤니케이션 방식 때문에 마찰이 있었습니다.,val,conflict-07,0,0,0,0,0,0,1,0
현재 상황은 협업 과정에서 커뮤니케이션 방식 때문에 마찰이 있었습니다. 확인 부탁드립니다.,val,conflict-07,0,0,0,0,0,0,1,0
오늘 업무를 하면서 협업 과정에서 커뮤니케이션 방식 때문에 마찰이 있었습니다. 이 부분은 조정이 필요해 보입니다.,val,conflict-07,0,0,0,0,0,0,1,0
두 팀의 요구사항이 반대라 합의가 잘 안 되고 있습니다.,test,conflict-08,0,0,0,0,0,0,1,0
현재 상황은 두 팀의 요구사항이 반대라 합의가 잘 안 되고 있습니다. 확인 부탁드립니다.,test,conflict-08,0,0,0,0,0,0,1,0
오늘 업무를 하면서 두 팀의 요구사항이 반대라 합의가 잘 안 되고 있습니다. 이 부분은 조정이 필요해 보입니다.,test,conflict-08,0,0,0,0,0,0,1,0
업무 배분 문제로 팀 안에서 의견 충돌이 있었습니다.,test,conflict-09,0,0,0,0,0,0,1,0
현재 상황은 업무 배분 문제로 팀 안에서 의견 충돌이 있었습니다. 확인 부탁드립니다.,test,conflict-09,0,0,0,0,0,0,1,0
오늘 업무를 하면서 업무 배분 문제로 팀 안에서 의견 충돌이 있었습니다. 이 부분은 조정이 필요해 보입니다.,test,conflict-09,0,0,0,0,0,0,1,0
요즘은 이 업무에 예전만큼 관심이 가지 않습니다.,train,disengaged-00,0,0,0,0,0,0,0,1
현재 상황은 요즘은 이 업무에 예전만큼 관심이 가지 않습니다. 확인 부탁드립니다.,train,disengaged-00,0,0,0,0,0,0,0,1
오늘 업무를 하면서 요즘은 이 업무에 예전만큼 관심이 가지 않습니다. 이 부분은 조정이 필요해 보입니다.,train,disengaged-00,0,0,0,0,0,0,0,1
이 프로젝트에 더 이상 적극적으로 참여하고 싶은 마음이 적습니다.,train,disengaged-01,0,0,0,0,0,0,0,1
현재 상황은 이 프로젝트에 더 이상 적극적으로 참여하고 싶은 마음이 적습니다. 확인 부탁드립니다.,train,disengaged-01,0,0,0,0,0,0,0,1
오늘 업무를 하면서 이 프로젝트에 더 이상 적극적으로 참여하고 싶은 마음이 적습니다. 이 부분은 조정이 필요해 보입니다.,train,disengaged-01,0,0,0,0,0,0,0,1
계속 같은 업무만 반복되니 몰입하기 어렵습니다.,train,disengaged-02,0,0,0,0,0,0,0,1
현재 상황은 계속 같은 업무만 반복되니 몰입하기 어렵습니다. 확인 부탁드립니다.,train,disengaged-02,0,0,0,0,0,0,0,1
오늘 업무를 하면서 계속 같은 업무만 반복되니 몰입하기 어렵습니다. 이 부분은 조정이 필요해 보입니다.,train,disengaged-02,0,0,0,0,0,0,0,1
최근에는 회의에서 굳이 의견을 내지 않게 됩니다.,train,disengaged-03,0,0,0,0,0,0,0,1
현재 상황은 최근에는 회의에서 굳이 의견을 내지 않게 됩니다. 확인 부탁드립니다.,train,disengaged-03,0,0,0,0,0,0,0,1
오늘 업무를 하면서 최근에는 회의에서 굳이 의견을 내지 않게 됩니다. 이 부분은 조정이 필요해 보입니다.,train,disengaged-03,0,0,0,0,0,0,0,1
업무 개선에 대해 예전처럼 적극적으로 제안하고 싶지는 않습니다.,train,disengaged-04,0,0,0,0,0,0,0,1
현재 상황은 업무 개선에 대해 예전처럼 적극적으로 제안하고 싶지는 않습니다. 확인 부탁드립니다.,train,disengaged-04,0,0,0,0,0,0,0,1
오늘 업무를 하면서 업무 개선에 대해 예전처럼 적극적으로 제안하고 싶지는 않습니다. 이 부분은 조정이 필요해 보입니다.,train,disengaged-04,0,0,0,0,0,0,0,1
지금 맡은 일에는 동기부여가 잘 되지 않습니다.,train,disengaged-05,0,0,0,0,0,0,0,1
현재 상황은 지금 맡은 일에는 동기부여가 잘 되지 않습니다. 확인 부탁드립니다.,train,disengaged-05,0,0,0,0,0,0,0,1
오늘 업무를 하면서 지금 맡은 일에는 동기부여가 잘 되지 않습니다. 이 부분은 조정이 필요해 보입니다.,train,disengaged-05,0,0,0,0,0,0,0,1
프로젝트 방향에 별로 관여하고 싶지 않은 상태입니다.,train,disengaged-06,0,0,0,0,0,0,0,1
현재 상황은 프로젝트 방향에 별로 관여하고 싶지 않은 상태입니다. 확인 부탁드립니다.,train,disengaged-06,0,0,0,0,0,0,0,1
오늘 업무를 하면서 프로젝트 방향에 별로 관여하고 싶지 않은 상태입니다. 이 부분은 조정이 필요해 보입니다.,train,disengaged-06,0,0,0,0,0,0,0,1
최근에는 필요한 일만 최소한으로 처리하게 됩니다.,val,disengaged-07,0,0,0,0,0,0,0,1
현재 상황은 최근에는 필요한 일만 최소한으로 처리하게 됩니다. 확인 부탁드립니다.,val,disengaged-07,0,0,0,0,0,0,0,1
오늘 업무를 하면서 최근에는 필요한 일만 최소한으로 처리하게 됩니다. 이 부분은 조정이 필요해 보입니다.,val,disengaged-07,0,0,0,0,0,0,0,1
이 업무에 대한 흥미가 이전보다 많이 줄었습니다.,test,disengaged-08,0,0,0,0,0,0,0,1
현재 상황은 이 업무에 대한 흥미가 이전보다 많이 줄었습니다. 확인 부탁드립니다.,test,disengaged-08,0,0,0,0,0,0,0,1
오늘 업무를 하면서 이 업무에 대한 흥미가 이전보다 많이 줄었습니다. 이 부분은 조정이 필요해 보입니다.,test,disengaged-08,0,0,0,0,0,0,0,1
새로운 업무가 생겨도 적극적으로 맡고 싶지는 않습니다.,test,disengaged-09,0,0,0,0,0,0,0,1
현재 상황은 새로운 업무가 생겨도 적극적으로 맡고 싶지는 않습니다. 확인 부탁드립니다.,test,disengaged-09,0,0,0,0,0,0,0,1
오늘 업무를 하면서 새로운 업무가 생겨도 적극적으로 맡고 싶지는 않습니다. 이 부분은 조정이 필요해 보입니다.,test,disengaged-09,0,0,0,0,0,0,0,1
요구사항이 계속 바뀌는데 마감은 그대로라 업무량도 많고 너무 답답합니다. 이 부분은 조정이 필요해 보입니다.,train,mixed-00,0,0,1,0,0,1,0,0
현재 상황은 요구사항이 계속 바뀌는데 마감은 그대로라 업무량도 많고 너무 답답합니다. 확인 부탁드립니다.,train,mixed-00,0,0,1,0,0,1,0,0
오늘 업무를 하면서 요구사항이 계속 바뀌는데 마감은 그대로라 업무량도 많고 너무 답답합니다.,train,mixed-00,0,0,1,0,0,1,0,0
인력은 그대로인데 업무만 계속 늘어나는 운영 방식이 불만입니다. 이 부분은 조정이 필요해 보입니다.,train,mixed-01,0,0,0,0,1,1,0,0
현재 상황은 인력은 그대로인데 업무만 계속 늘어나는 운영 방식이 불만입니다. 확인 부탁드립니다.,train,mixed-01,0,0,0,0,1,1,0,0
오늘 업무를 하면서 인력은 그대로인데 업무만 계속 늘어나는 운영 방식이 불만입니다.,train,mixed-01,0,0,0,0,1,1,0,0
합의한 내용을 상대 팀이 일방적으로 바꿔서 지금 정말 화가 납니다. 이 부분은 조정이 필요해 보입니다.,train,mixed-02,0,0,0,1,0,0,1,0
현재 상황은 합의한 내용을 상대 팀이 일방적으로 바꿔서 지금 정말 화가 납니다. 확인 부탁드립니다.,train,mixed-02,0,0,0,1,0,0,1,0
오늘 업무를 하면서 합의한 내용을 상대 팀이 일방적으로 바꿔서 지금 정말 화가 납니다.,train,mixed-02,0,0,0,1,0,0,1,0
팀마다 말이 달라 계속 조율만 하고 있어서 답답합니다. 이 부분은 조정이 필요해 보입니다.,train,mixed-03,0,0,1,0,0,0,1,0
현재 상황은 팀마다 말이 달라 계속 조율만 하고 있어서 답답합니다. 확인 부탁드립니다.,train,mixed-03,0,0,1,0,0,0,1,0
오늘 업무를 하면서 팀마다 말이 달라 계속 조율만 하고 있어서 답답합니다.,train,mixed-03,0,0,1,0,0,0,1,0
개선이 전혀 안 되는 걸 보니 이제는 이 업무에 적극적으로 관여하고 싶지 않습니다. 이 부분은 조정이 필요해 보입니다.,train,mixed-04,0,0,0,0,1,0,0,1
현재 상황은 개선이 전혀 안 되는 걸 보니 이제는 이 업무에 적극적으로 관여하고 싶지 않습니다. 확인 부탁드립니다.,train,mixed-04,0,0,0,0,1,0,0,1
오늘 업무를 하면서 개선이 전혀 안 되는 걸 보니 이제는 이 업무에 적극적으로 관여하고 싶지 않습니다.,train,mixed-04,0,0,0,0,1,0,0,1
업무가 계속 쌓이다 보니 요즘은 새로운 일을 맡고 싶은 의욕도 줄었습니다. 이 부분은 조정이 필요해 보입니다.,train,mixed-05,0,0,0,0,0,1,0,1
현재 상황은 업무가 계속 쌓이다 보니 요즘은 새로운 일을 맡고 싶은 의욕도 줄었습니다. 확인 부탁드립니다.,train,mixed-05,0,0,0,0,0,1,0,1
오늘 업무를 하면서 업무가 계속 쌓이다 보니 요즘은 새로운 일을 맡고 싶은 의욕도 줄었습니다.,train,mixed-05,0,0,0,0,0,1,0,1
업무량은 많지만 팀에서 잘 도와줘서 이번 협업 자체는 만족스럽습니다. 이 부분은 조정이 필요해 보입니다.,train,mixed-06,1,0,0,0,0,1,0,0
현재 상황은 업무량은 많지만 팀에서 잘 도와줘서 이번 협업 자체는 만족스럽습니다. 확인 부탁드립니다.,train,mixed-06,1,0,0,0,0,1,0,0
오늘 업무를 하면서 업무량은 많지만 팀에서 잘 도와줘서 이번 협업 자체는 만족스럽습니다.,train,mixed-06,1,0,0,0,0,1,0,0
의견 차이는 있었지만 충분히 논의해서 잘 해결된 점은 만족스럽습니다. 이 부분은 조정이 필요해 보입니다.,val,mixed-07,1,0,0,0,0,0,1,0
현재 상황은 의견 차이는 있었지만 충분히 논의해서 잘 해결된 점은 만족스럽습니다. 확인 부탁드립니다.,val,mixed-07,1,0,0,0,0,0,1,0
오늘 업무를 하면서 의견 차이는 있었지만 충분히 논의해서 잘 해결된 점은 만족스럽습니다.,val,mixed-07,1,0,0,0,0,0,1,0
매번 같은 문제가 반복되는 프로세스라 답답하고 운영 방식도 불만입니다. 이 부분은 조정이 필요해 보입니다.,test,mixed-08,0,0,1,0,1,0,0,0
현재 상황은 매번 같은 문제가 반복되는 프로세스라 답답하고 운영 방식도 불만입니다. 확인 부탁드립니다.,test,mixed-08,0,0,1,0,1,0,0,0
오늘 업무를 하면서 매번 같은 문제가 반복되는 프로세스라 답답하고 운영 방식도 불만입니다.,test,mixed-08,0,0,1,0,1,0,0,0
사전 협의 없이 일정을 바꾸는 방식은 정말 화가 나고 불만입니다. 이 부분은 조정이 필요해 보입니다.,test,mixed-09,0,0,0,1,1,0,0,0
현재 상황은 사전 협의 없이 일정을 바꾸는 방식은 정말 화가 나고 불만입니다. 확인 부탁드립니다.,test,mixed-09,0,0,0,1,1,0,0,0
오늘 업무를 하면서 사전 협의 없이 일정을 바꾸는 방식은 정말 화가 나고 불만입니다.,test,mixed-09,0,0,0,1,1,0,0,0
팀 간 조율까지 제가 맡게 되어 갈등 대응과 기존 업무를 동시에 처리하기 벅찹니다. 이 부분은 조정이 필요해 보입니다.,train,mixed-10,0,0,0,0,0,1,1,0
현재 상황은 팀 간 조율까지 제가 맡게 되어 갈등 대응과 기존 업무를 동시에 처리하기 벅찹니다. 확인 부탁드립니다.,train,mixed-10,0,0,0,0,0,1,1,0
오늘 업무를 하면서 팀 간 조율까지 제가 맡게 되어 갈등 대응과 기존 업무를 동시에 처리하기 벅찹니다.,train,mixed-10,0,0,0,0,0,1,1,0
계속 막히는 일만 반복되니 이제는 이 업무에 적극적으로 나서고 싶지 않습니다. 이 부분은 조정이 필요해 보입니다.,train,mixed-11,0,0,1,0,0,0,0,1
현재 상황은 계속 막히는 일만 반복되니 이제는 이 업무에 적극적으로 나서고 싶지 않습니다. 확인 부탁드립니다.,train,mixed-11,0,0,1,0,0,0,0,1
오늘 업무를 하면서 계속 막히는 일만 반복되니 이제는 이 업무에 적극적으로 나서고 싶지 않습니다.,train,mixed-11,0,0,1,0,0,0,0,1
